window_start_idx,window_end_idx,score,label
0,127,0.028282046,0
16,143,0.030494213,0
32,159,0.027004242,0
48,175,0.02958417,0
64,191,0.017038345,0
80,207,0.02010119,0
96,223,0.016514063,0
112,239,0.011872649,0
128,255,0.011121273,0
144,271,0.013843298,0
160,287,0.012008667,0
176,303,0.010555744,0
192,319,0.009710431,0
208,335,0.011872768,0
224,351,0.032465935,0
240,367,0.02641213,0
256,383,0.024409056,0
272,399,0.012092233,0
288,415,0.013301969,0
304,431,0.013680935,0
320,447,0.015430927,0
336,463,0.01372695,0
352,479,0.012434244,0
368,495,0.012641668,0
384,511,0.012663722,0
400,527,0.015200853,0
416,543,0.00936985,0
432,559,0.0060771704,0
448,575,0.0061724186,0
464,591,0.0050622225,0
480,607,0.004910946,0
496,623,0.004827857,0
512,639,0.004451275,0
528,655,0.0047733784,0
544,671,0.0050976276,0
560,687,0.0050730705,0
576,703,0.004773259,0
592,719,0.0050017834,0
608,735,0.004679799,0
624,751,0.0051198006,0
640,767,0.0049886703,0
656,783,0.005126238,0
672,799,0.0052928925,0
688,815,0.005264759,0
704,831,0.005761385,0
720,847,0.0062327385,0
736,863,0.0061426163,0
752,879,0.0077340603,0
768,895,0.010578871,0
784,911,0.012772679,0
800,927,0.010576129,0
816,943,0.008141756,0
832,959,0.0088124275,0
848,975,0.014133334,0
864,991,0.015212059,0
880,1007,0.01341331,0
896,1023,0.007560134,0
912,1039,0.00848484,0
928,1055,0.009400129,0
944,1071,0.0105826855,0
960,1087,0.010922432,0
976,1103,0.011475325,0
992,1119,0.011049271,0
1008,1135,0.013272643,0
1024,1151,0.034575462,0
1040,1167,0.034793735,0
1056,1183,0.022165895,0
1072,1199,0.0149850845,0
1088,1215,0.010601163,0
1104,1231,0.009043217,0
1120,1247,0.0072710514,0
1136,1263,0.005601406,0
1152,1279,0.0054730177,0
1168,1295,0.0065705776,0
1184,1311,0.006995201,0
1200,1327,0.008844852,0
1216,1343,0.0130957365,0
1232,1359,0.017004251,0
1248,1375,0.057184815,0
1264,1391,0.06989479,0
1280,1407,0.046901822,0
1296,1423,0.055348158,0
1312,1439,0.051120758,0
1328,1455,0.05756378,0
1344,1471,0.04336095,0
1360,1487,0.027969837,0
1376,1503,0.021665096,0
1392,1519,0.02625513,0
1408,1535,0.016052485,0
1424,1551,0.036046863,0
1440,1567,0.01508522,0
1456,1583,0.008628368,0
1472,1599,0.007745981,0
1488,1615,0.008474827,0
1504,1631,0.0067031384,0
1520,1647,0.008078456,0
1536,1663,0.008811355,0
1552,1679,0.010200024,0
1568,1695,0.014875412,0
1584,1711,0.034966588,0
1600,1727,0.01899302,0
1616,1743,0.024802327,0
1632,1759,0.07138324,0
1648,1775,0.03559804,0
1664,1791,0.010916114,0
1680,1807,0.021362543,0
1696,1823,0.029749751,0
1712,1839,0.02171135,0
1728,1855,0.02000451,0
1744,1871,0.011808634,0
1760,1887,0.012981296,0
1776,1903,0.037047863,0
1792,1919,0.02493596,0
1808,1935,0.009008169,0
1824,1951,0.012965083,0
1840,1967,0.014805317,0
1856,1983,0.017213583,0
1872,1999,0.010775089,0
1888,2015,0.010797501,0
1904,2031,0.00771904,0
1920,2047,0.008086681,0
1936,2063,0.010060549,0
1952,2079,0.011455774,0
1968,2095,0.009117961,0
1984,2111,0.008377314,0
2000,2127,0.012408018,0
2016,2143,0.014607906,0
2032,2159,0.015065789,0
2048,2175,0.013116598,0
2064,2191,0.016064405,0
2080,2207,0.04248333,0
2096,2223,0.07614565,0
2112,2239,0.14123535,0
2128,2255,0.21416736,0
2144,2271,0.0503304,0
2160,2287,0.04984212,0
2176,2303,0.08502281,0
2192,2319,0.021064281,0
2208,2335,0.025957823,0
2224,2351,0.016751647,0
2240,2367,0.012778759,0
2256,2383,0.013903141,0
2272,2399,0.018301964,0
2288,2415,0.01202476,0
2304,2431,0.009611607,0
2320,2447,0.011806965,0
2336,2463,0.008643031,0
2352,2479,0.008700252,0
2368,2495,0.00937593,0
2384,2511,0.007236004,0
2400,2527,0.0120847225,0
2416,2543,0.020895123,0
2432,2559,0.062147856,0
2448,2575,0.068896055,0
2464,2591,0.026807785,0
2480,2607,0.070121884,0
2496,2623,0.052595854,0
2512,2639,0.07030654,0
2528,2655,0.02114582,0
2544,2671,0.0260154,0
2560,2687,0.00978899,0
2576,2703,0.008319378,0
2592,2719,0.0069463253,0
2608,2735,0.0052895546,0
2624,2751,0.006912589,0
2640,2767,0.0069048405,0
2656,2783,0.006154418,0
2672,2799,0.006831169,0
2688,2815,0.0060960054,0
2704,2831,0.008561611,0
2720,2847,0.009078622,0
2736,2863,0.012394667,0
2752,2879,0.012051225,0
2768,2895,0.023867607,0
2784,2911,0.011990786,0
2800,2927,0.013555527,0
2816,2943,0.014866352,0
2832,2959,0.015842438,0
2848,2975,0.020574331,0
2864,2991,0.02962935,0
2880,3007,0.018790245,0
2896,3023,0.01058352,0
2912,3039,0.03499782,0
2928,3055,0.019132853,0
2944,3071,0.048257947,0
2960,3087,0.021162987,0
2976,3103,0.017646074,0
2992,3119,0.048074245,0
3008,3135,0.18417585,0
3024,3151,0.21994877,0
3040,3167,0.06936526,0
3056,3183,0.033937216,0
3072,3199,0.01459527,0
3088,3215,0.019661188,0
3104,3231,0.012590408,0
3120,3247,0.008258343,0
3136,3263,0.007088542,0
3152,3279,0.011120319,0
3168,3295,0.008555293,0
3184,3311,0.02455473,0
3200,3327,0.021558404,0
3216,3343,0.022654891,0
3232,3359,0.015504599,0
3248,3375,0.021194458,0
3264,3391,0.028673053,0
3280,3407,0.021091223,0
3296,3423,0.013951421,0
3312,3439,0.009165764,0
3328,3455,0.011428833,0
3344,3471,0.011894226,0
3360,3487,0.018914938,0
3376,3503,0.013282657,0
3392,3519,0.0628345,0
3408,3535,0.22022903,0
3424,3551,0.19949245,0
3440,3567,0.068751335,0
3456,3583,0.027629375,0
3472,3599,0.010079861,0
3488,3615,0.0207479,0
3504,3631,0.018211126,0
3520,3647,0.010856628,0
3536,3663,0.013579488,0
3552,3679,0.015892029,0
3568,3695,0.030383825,0
3584,3711,0.02453518,0
3600,3727,0.026532292,0
3616,3743,0.020050526,0
3632,3759,0.1948632,0
3648,3775,0.6859584,1
3664,3791,0.4770615,0
3680,3807,0.21340787,0
3696,3823,1.732023,1
3712,3839,1.1002302,1
3728,3855,0.64294493,1
3744,3871,0.29778683,0
3760,3887,0.37745976,0
3776,3903,0.1100049,0
3792,3919,0.24845743,0
3808,3935,0.22697687,0
3824,3951,0.48072565,0
3840,3967,1.4397938,1
3856,3983,1.7914534,1
3872,3999,1.8279071,1
3888,4015,1.6442952,1
3904,4031,1.8384418,1
3920,4047,1.438005,1
3936,4063,1.8187072,1
3952,4079,0.6827947,1
3968,4095,1.7055254,1
3984,4111,1.81499,1
4000,4127,1.8168797,1
4016,4143,1.8384135,1
4032,4159,1.7614684,1
4048,4175,1.8235726,1
4064,4191,1.8276155,1
4080,4207,1.8725975,1
4096,4223,1.5838482,1
4112,4239,1.2196994,1
4128,4255,1.208853,1
4144,4271,0.23598325,0
4160,4287,0.32189214,0
4176,4303,0.62071085,1
4192,4319,0.12700748,0
4208,4335,0.025192022,0
4224,4351,0.04164672,0
4240,4367,0.016797781,0
4256,4383,0.1978426,0
4272,4399,0.9890003,1
4288,4415,1.2482693,1
4304,4431,0.20339417,0
4320,4447,0.20397556,0
4336,4463,0.22213244,0
4352,4479,1.2945988,1
4368,4495,1.0747797,1
4384,4511,1.5767844,1
4400,4527,1.046912,1
4416,4543,0.5356674,0
4432,4559,0.64303875,1
4448,4575,0.7788639,1
4464,4591,1.2453918,1
4480,4607,0.8063865,1
4496,4623,1.0104395,1
4512,4639,0.34143364,0
4528,4655,0.058496952,0
4544,4671,0.09742594,0
4560,4687,0.07734382,0
4576,4703,0.5070772,0
4592,4719,0.48845363,0
4608,4735,1.108583,1
4624,4751,1.2455516,1
4640,4767,0.10474408,0
4656,4783,0.74227715,1
4672,4799,1.0264091,1
4688,4815,0.12080145,0
4704,4831,0.05522275,0
4720,4847,0.1776613,0
4736,4863,0.17578745,0
4752,4879,0.20396936,0
4768,4895,1.2565968,1
4784,4911,1.5616868,1
4800,4927,1.8673053,1
4816,4943,1.0804741,1
4832,4959,0.7180288,1
4848,4975,1.0688953,1
4864,4991,1.497014,1
4880,5007,1.6808414,1
4896,5023,1.7044413,1
4912,5039,1.7019715,1
4928,5055,1.6166291,1
4944,5071,1.862205,1
4960,5087,1.87609,1
4976,5103,1.8856583,1
4992,5119,1.4342592,1
5008,5135,0.3174119,0
5024,5151,1.8326142,1
5040,5167,1.6555605,1
5056,5183,1.7981038,1
5072,5199,1.7991743,1
5088,5215,1.845386,1
5104,5231,1.8289008,1
5120,5247,1.8747268,1
5136,5263,1.6107802,1
5152,5279,1.86796,1
5168,5295,1.8520367,1
5184,5311,1.8541892,1
5200,5327,1.8793039,1
5216,5343,1.4808896,1
5232,5359,1.8763025,1
5248,5375,1.6041999,1
5264,5391,1.8012292,1
5280,5407,1.86199,1
5296,5423,1.8663046,1
5312,5439,1.8883901,1
5328,5455,1.2312009,1
5344,5471,1.6940148,1
5360,5487,1.8608589,1
5376,5503,1.8658319,1
5392,5519,1.8271804,1
5408,5535,1.8360891,1
5424,5551,1.0806525,1
5440,5567,0.6983365,1
5456,5583,1.8800578,1
5472,5599,0.693972,1
5488,5615,1.6726818,1
5504,5631,0.47369182,0
5520,5647,1.0800369,1
5536,5663,1.8334031,1
5552,5679,1.8807876,1
5568,5695,1.021627,1
5584,5711,1.7939065,1
5600,5727,1.8798208,1
5616,5743,1.3194273,1
5632,5759,0.16473591,0
5648,5775,0.17080152,0
5664,5791,0.07584572,0
5680,5807,0.06750679,0
5696,5823,0.11600721,0
5712,5839,0.1386962,0
5728,5855,0.05368519,0
5744,5871,0.1712619,0
5760,5887,1.5722747,1
5776,5903,1.6868131,1
5792,5919,1.8657398,1
5808,5935,1.8871908,1
5824,5951,1.8439443,1
5840,5967,1.609431,1
5856,5983,0.22596633,0
5872,5999,0.21399355,0
5888,6015,0.062871575,0
5904,6031,1.132632,1
5920,6047,1.5227857,1
5936,6063,1.5411167,1
5952,6079,1.3490672,1
5968,6095,0.53308105,0
5984,6111,1.8434367,1
6000,6127,1.8829863,1
6016,6143,1.8953159,1
6032,6159,1.8928494,1
6048,6175,1.8052912,1
6064,6191,0.0774467,0
6080,6207,0.29539502,0
6096,6223,1.285888,1
6112,6239,1.2947719,1
6128,6255,0.16548193,0
6144,6271,0.08100486,0
6160,6287,1.0432351,1
6176,6303,0.03876567,0
6192,6319,1.684304,1
6208,6335,1.888418,1
6224,6351,1.8027921,1
6240,6367,1.8771586,1
6256,6383,1.8799529,1
6272,6399,1.8907595,1
6288,6415,0.8113216,1
6304,6431,1.877619,1
6320,6447,1.797575,1
6336,6463,0.79899144,1
6352,6479,1.8901725,1
6368,6495,1.8885369,1
6384,6511,1.8965609,1
6400,6527,1.869842,1
6416,6543,1.7445016,1
6432,6559,1.8416791,1
6448,6575,1.8613861,1
6464,6591,0.37047124,0
6480,6607,1.7565603,1
6496,6623,1.8453424,1
6512,6639,1.875989,1
6528,6655,1.8908219,1
6544,6671,1.8992288,1
6560,6687,1.8979471,1
6576,6703,1.8357391,1
6592,6719,1.8871312,1
6608,6735,1.1933782,1
6624,6751,0.36609316,0
6640,6767,1.8734348,1
6656,6783,1.7818506,1
6672,6799,1.7302239,1
6688,6815,1.853961,1
6704,6831,1.7806954,1
6720,6847,0.9697993,1
6736,6863,1.5833373,1
6752,6879,1.8974774,1
6768,6895,1.2647643,1
6784,6911,1.8766856,1
6800,6927,1.8987837,1
6816,6943,1.8975816,1
6832,6959,1.6726308,1
6848,6975,0.48399734,0
6864,6991,1.6644123,1
6880,7007,1.1909788,1
6896,7023,1.5932627,1
6912,7039,1.5316339,1
6928,7055,0.32580912,0
6944,7071,0.011956453,0
6960,7087,0.018576145,0
6976,7103,0.02713871,0
6992,7119,0.052499413,0
7008,7135,0.009804249,0
7024,7151,0.012142897,0
7040,7167,0.025232673,0
7056,7183,0.03525579,0
7072,7199,0.011533022,0
7088,7215,0.008184552,0
7104,7231,0.71621394,1
7120,7247,0.018346906,0
7136,7263,1.8691456,1
7152,7279,0.08516383,0
7168,7295,1.4093881,1
7184,7311,0.01877737,0
7200,7327,0.32339168,0
7216,7343,0.024790168,0
7232,7359,1.2054658,1
7248,7375,1.7783961,1
7264,7391,0.0036101341,0
7280,7407,0.0034797192,0
7296,7423,0.0032966137,0
7312,7439,0.0032522678,0
7328,7455,0.0032402277,0
7344,7471,0.0032365322,0
7360,7487,0.0032305717,0
7376,7503,0.0031688213,0
7392,7519,0.0031807423,0
7408,7535,0.0031225681,0
7424,7551,0.003114462,0
7440,7567,0.0031116009,0
7456,7583,0.003111124,0
7472,7599,0.0031112432,0
7488,7615,0.0031116009,0
7504,7631,0.0031110048,0
7520,7647,0.0031116009,0
7536,7663,0.0031114817,0
7552,7679,0.0031119585,0
7568,7695,0.0031118393,0
7584,7711,0.0031120777,0
7600,7727,0.0031123161,0
7616,7743,0.0031120777,0
7632,7759,0.0031119585,0
7648,7775,0.0031123161,0
7664,7791,0.0031120777,0
7680,7807,0.0031118393,0
7696,7823,0.0031118393,0
7712,7839,0.0031120777,0
7728,7855,0.0031118393,0
7744,7871,0.0031123161,0
7760,7887,0.0031130314,0
7776,7903,0.0031124353,0
7792,7919,0.003112793,0
7808,7935,0.0031124353,0
7824,7951,0.0031125546,0
7840,7967,0.003112197,0
7856,7983,0.0031120777,0
7872,7999,0.0031118393,0
7888,8015,0.0031123161,0
7904,8031,0.0031125546,0
7920,8047,0.0031120777,0
7936,8063,0.0031118393,0
7952,8079,0.003112197,0
7968,8095,0.0031125546,0
7984,8111,0.0031118393,0
8000,8127,0.0031120777,0
8016,8143,0.0031119585,0
8032,8159,0.0031120777,0
8048,8175,0.0031123161,0
8064,8191,0.0034444332,0
8080,8207,0.05475211,0
8096,8223,0.18800569,0
8112,8239,0.36369944,0
8128,8255,0.6510985,1
8144,8271,1.0122387,1
8160,8287,1.3383105,1
8176,8303,1.6802816,1
8192,8319,1.7515407,1
8208,8335,1.7675054,1
8224,8351,1.7725515,1
8240,8367,1.7729425,1
8256,8383,1.7732477,1
8272,8399,1.7736115,1
8288,8415,1.7737157,1
8304,8431,1.7739332,1
8320,8447,1.7741313,1
8336,8463,1.7742057,1
8352,8479,1.7742455,1
8368,8495,1.7743051,1
8384,8511,1.7744529,1
8400,8527,1.7743359,1
8416,8543,1.7743628,1
8432,8559,1.7742996,1
8448,8575,1.7744055,1
8464,8591,1.7743526,1
8480,8607,1.7742894,1
8496,8623,1.7743883,1
8512,8639,1.7742963,1
8528,8655,1.7742789,1
8544,8671,1.774328,1
8560,8687,1.7744422,1
8576,8703,1.7744479,1
8592,8719,1.7745303,1
8608,8735,1.7746818,1
8624,8751,1.77454,1
8640,8767,1.7746513,1
8656,8783,1.7747641,1
8672,8799,1.7748308,1
8688,8815,1.774735,1
8704,8831,1.7746191,1
8720,8847,1.7747269,1
8736,8863,1.774766,1
8752,8879,1.7748792,1
8768,8895,1.7747204,1
8784,8911,1.7746716,1
8800,8927,1.7746279,1
8816,8943,1.774591,1
8832,8959,1.7747827,1
8848,8975,1.7747321,1
8864,8991,1.7746825,1
8880,9007,1.7745855,1
8896,9023,1.7746832,1
8912,9039,1.774816,1
8928,9055,1.7747731,1
8944,9071,1.774795,1
8960,9087,1.7746725,1
8976,9103,1.7746661,1
8992,9119,1.7748835,1
9008,9135,1.7749927,1
9024,9151,1.7751188,1
9040,9167,1.7751088,1
9056,9183,1.7751288,1
9072,9199,1.7752519,1
9088,9215,1.7753611,1
9104,9231,1.7754827,1
9120,9247,1.7754295,1
9136,9263,1.7754238,1
9152,9279,1.7753181,1
9168,9295,1.7754197,1
9184,9311,1.7755816,1
9200,9327,1.7756662,1
9216,9343,1.775311,1
9232,9359,1.7753716,1
9248,9375,1.7752893,1
9264,9391,1.7754683,1
9280,9407,1.775444,1
9296,9423,1.7754025,1
9312,9439,1.7753851,1
9328,9455,1.7753813,1
9344,9471,1.7757137,1
9360,9487,1.7757344,1
9376,9503,1.7758069,1
9392,9519,1.775737,1
9408,9535,1.7757943,1
9424,9551,1.7757113,1
9440,9567,1.7757006,1
9456,9583,1.7757099,1
9472,9599,1.7759075,1
9488,9615,1.7758768,1
9504,9631,1.7759376,1
9520,9647,1.7760868,1
9536,9663,1.7758472,1
9552,9679,1.775944,1
9568,9695,1.7759681,1
9584,9711,1.7760553,1
9600,9727,1.7759812,1
9616,9743,1.7758703,1
9632,9759,1.7757843,1
9648,9775,1.77561,1
9664,9791,1.7757344,1
9680,9807,1.7755809,1
9696,9823,1.775733,1
9712,9839,1.7756763,1
9728,9855,1.7756085,1
9744,9871,1.7755573,1
9760,9887,1.7756863,1
9776,9903,1.7755568,1
9792,9919,1.7756152,1
9808,9935,1.7756615,1
9824,9951,1.775449,1
9840,9967,1.7754476,1
9856,9983,1.7754173,1
9872,9999,1.7755837,1
9888,10015,1.7755775,1
9904,10031,1.7756791,1
9920,10047,1.7757225,1
9936,10063,1.7756677,1
9952,10079,1.7759762,1
9968,10095,1.7759342,1
9984,10111,1.7758496,1
10000,10127,1.7756844,1
10016,10143,1.775614,1
10032,10159,1.775636,1
10048,10175,1.7756009,1
10064,10191,1.7756214,1
10080,10207,1.7755165,1
10096,10223,1.7756119,1
10112,10239,1.7756696,1
10128,10255,1.7757373,1
10144,10271,1.7757998,1
10160,10287,1.7758892,1
10176,10303,1.7760406,1
10192,10319,1.7759278,1
10208,10335,1.7761393,1
10224,10351,1.7762585,1
10240,10367,1.7762766,1
10256,10383,1.7763896,1
10272,10399,1.776319,1
10288,10415,1.7764843,1
10304,10431,1.7763824,1
10320,10447,1.7764897,1
10336,10463,1.7762599,1
10352,10479,1.7760522,1
10368,10495,1.7759438,1
10384,10511,1.775929,1
10400,10527,1.7759836,1
10416,10543,1.7759275,1
10432,10559,1.7758882,1
10448,10575,1.7758124,1
10464,10591,1.7759597,1
10480,10607,1.7760944,1
10496,10623,1.7761841,1
10512,10639,1.7762041,1
10528,10655,1.7760859,1
10544,10671,1.7759821,1
10560,10687,1.7760396,1
10576,10703,1.7761254,1
10592,10719,1.7760644,1
10608,10735,1.7759397,1
10624,10751,1.7758532,1
10640,10767,1.7758653,1
10656,10783,1.7758934,1
10672,10799,1.7760649,1
10688,10815,1.7760751,1
10704,10831,1.776118,1
10720,10847,1.776011,1
10736,10863,1.7761555,1
10752,10879,1.7763433,1
10768,10895,1.77635,1
10784,10911,1.7763214,1
10800,10927,1.7763493,1
10816,10943,1.776381,1
10832,10959,1.7762938,1
10848,10975,1.7762446,1
10864,10991,1.7762618,1
10880,11007,1.7760937,1
10896,11023,1.7759633,1
10912,11039,1.7759488,1
10928,11055,1.7758331,1
10944,11071,1.7758293,1
10960,11087,1.7757769,1
10976,11103,1.775903,1
10992,11119,1.7757411,1
11008,11135,1.7758527,1
11024,11151,1.7757034,1
11040,11167,1.7757759,1
11056,11183,1.7757845,1
11072,11199,1.775743,1
11088,11215,1.7759252,1
11104,11231,1.775986,1
11120,11247,1.7758069,1
11136,11263,1.7756367,1
11152,11279,1.7757714,1
11168,11295,1.7758389,1
11184,11311,1.7756717,1
11200,11327,1.7757611,1
11216,11343,1.7757437,1
11232,11359,1.7757773,1
11248,11375,1.7761445,1
11264,11391,1.7761934,1
11280,11407,1.7761364,1
11296,11423,1.7761555,1
11312,11439,1.7761879,1
11328,11455,1.776403,1
11344,11471,1.7763636,1
11360,11487,1.7762849,1
11376,11503,1.7760663,1
11392,11519,1.7761214,1
11408,11535,1.7761979,1
11424,11551,1.7761953,1
11440,11567,1.776398,1
11456,11583,1.7763388,1
11472,11599,1.7762835,1
11488,11615,1.7763207,1
11504,11631,1.7764511,1
11520,11647,1.7764325,1
11536,11663,1.7762442,1
11552,11679,1.7761784,1
11568,11695,1.7761478,1
11584,11711,1.7760158,1
11600,11727,1.7761412,1
11616,11743,1.7761533,1
11632,11759,1.7761636,1
11648,11775,1.7762957,1
11664,11791,1.7763922,1
11680,11807,1.7764454,1
11696,11823,1.7764366,1
11712,11839,1.7765398,1
11728,11855,1.7766805,1
11744,11871,1.7767146,1
11760,11887,1.7766593,1
11776,11903,1.776578,1
11792,11919,1.7766845,1
11808,11935,1.7767663,1
11824,11951,1.7768722,1
11840,11967,1.7768934,1
11856,11983,1.7770076,1
11872,11999,1.7768894,1
11888,12015,1.7769437,1
11904,12031,1.7771411,1
11920,12047,1.7771752,1
11936,12063,1.7769713,1
11952,12079,1.7769475,1
11968,12095,1.7770786,1
11984,12111,1.7768662,1
12000,12127,1.7770896,1
12016,12143,1.7770531,1
12032,12159,1.7770586,1
12048,12175,1.7770543,1
12064,12191,1.7771411,1
12080,12207,1.7771857,1
12096,12223,1.777194,1
12112,12239,1.7773209,1
12128,12255,1.7776189,1
12144,12271,1.7778106,1
12160,12287,1.777873,1
12176,12303,1.7779038,1
12192,12319,1.7780464,1
12208,12335,1.7781894,1
12224,12351,1.7782168,1
12240,12367,1.7781749,1
12256,12383,1.7781043,1
12272,12399,1.7780454,1
12288,12415,1.7781944,1
12304,12431,1.7783682,1
12320,12447,1.7781234,1
12336,12463,1.7781942,1
12352,12479,1.7781758,1
12368,12495,1.778172,1
12384,12511,1.7781479,1
12400,12527,1.7781639,1
12416,12543,1.7781312,1
12432,12559,1.7780731,1
12448,12575,1.7782247,1
12464,12591,1.778101,1
12480,12607,1.7781115,1
12496,12623,1.7782195,1
12512,12639,1.7783198,1
12528,12655,1.7782311,1
12544,12671,1.778161,1
12560,12687,1.7781627,1
12576,12703,1.7782197,1
12592,12719,1.7781718,1
12608,12735,1.778336,1
12624,12751,1.7781284,1
12640,12767,1.7783132,1
12656,12783,1.7780569,1
12672,12799,1.7780504,1
12688,12815,1.7781862,1
12704,12831,1.7780321,1
12720,12847,1.7780116,1
12736,12863,1.7779169,1
12752,12879,1.7779045,1
12768,12895,1.7776208,1
12784,12911,1.7777739,1
12800,12927,1.7777767,1
12816,12943,1.7778518,1
12832,12959,1.7778006,1
12848,12975,1.7778177,1
12864,12991,1.7779045,1
12880,13007,1.77793,1
12896,13023,1.7780814,1
12912,13039,1.7781515,1
12928,13055,1.7782638,1
12944,13071,1.7781606,1
12960,13087,1.7782922,1
12976,13103,1.7784145,1
12992,13119,1.7784157,1
13008,13135,1.7786152,1
13024,13151,1.778564,1
13040,13167,1.7784789,1
13056,13183,1.778223,1
13072,13199,1.7781382,1
13088,13215,1.7782822,1
13104,13231,1.778208,1
13120,13247,1.7782083,1
13136,13263,1.778153,1
13152,13279,1.7781515,1
13168,13295,1.7783749,1
13184,13311,1.7786589,1
13200,13327,1.7787471,1
13216,13343,1.7786403,1
13232,13359,1.7786322,1
13248,13375,1.7786047,1
13264,13391,1.7786646,1
13280,13407,1.7788262,1
13296,13423,1.7788379,1
13312,13439,1.7787945,1
13328,13455,1.7789538,1
13344,13471,1.779043,1
13360,13487,1.7790661,1
13376,13503,1.7792141,1
13392,13519,1.7791994,1
13408,13535,1.7793238,1
13424,13551,1.7792664,1
13440,13567,1.7793167,1
13456,13583,1.7792487,1
13472,13599,1.7794132,1
13488,13615,1.7794819,1
13504,13631,1.7794251,1
13520,13647,1.7793393,1
13536,13663,1.7793617,1
13552,13679,1.7796836,1
13568,13695,1.7797513,1
13584,13711,1.7798033,1
13600,13727,1.7799144,1
13616,13743,1.7799606,1
13632,13759,1.7800741,1
13648,13775,1.7803438,1
13664,13791,1.7804039,1
13680,13807,1.7804248,1
13696,13823,1.7805319,1
13712,13839,1.7805345,1
13728,13855,1.7806427,1
13744,13871,1.7806525,1
13760,13887,1.7809255,1
13776,13903,1.7806313,1
13792,13919,1.7806542,1
13808,13935,1.7806592,1
13824,13951,1.7805445,1
13840,13967,1.7808034,1
13856,13983,1.7808328,1
13872,13999,1.7806346,1
13888,14015,1.7805741,1
13904,14031,1.7804825,1
13920,14047,1.780571,1
13936,14063,1.7805498,1
13952,14079,1.7806911,1
13968,14095,1.7805097,1
13984,14111,1.7801828,1
14000,14127,1.7803988,1
14016,14143,1.7805064,1
14032,14159,1.7804942,1
14048,14175,1.7804098,1
14064,14191,1.7804999,1
14080,14207,1.7804773,1
14096,14223,1.7805471,1
14112,14239,1.7807612,1
14128,14255,1.7807629,1
14144,14271,1.7806802,1
14160,14287,1.7805395,1
14176,14303,1.7806425,1
14192,14319,1.7807972,1
14208,14335,1.7808139,1
14224,14351,1.780704,1
14240,14367,1.78094,1
14256,14383,1.781013,1
14272,14399,1.7810929,1
14288,14415,1.7812297,1
14304,14431,1.7811234,1
14320,14447,1.7810106,1
14336,14463,1.7813106,1
14352,14479,1.7811222,1
14368,14495,1.7810435,1
14384,14511,1.7810185,1
14400,14527,1.7806618,1
14416,14543,1.7808266,1
14432,14559,1.7807956,1
14448,14575,1.780793,1
14464,14591,1.7808495,1
14480,14607,1.7809544,1
14496,14623,1.7808912,1
14512,14639,1.7811029,1
14528,14655,1.7813358,1
14544,14671,1.7812791,1
14560,14687,1.7811677,1
14576,14703,1.7810278,1
14592,14719,1.7811129,1
14608,14735,1.7811029,1
14624,14751,1.7813039,1
14640,14767,1.7811289,1
14656,14783,1.7810862,1
14672,14799,1.7810576,1
14688,14815,1.7811484,1
14704,14831,1.7812014,1
14720,14847,1.7814431,1
14736,14863,1.7812896,1
14752,14879,1.781198,1
14768,14895,1.7812552,1
14784,14911,1.7813492,1
14800,14927,1.7816238,1
14816,14943,1.781549,1
14832,14959,1.7815027,1
14848,14975,1.7815065,1
14864,14991,1.7814648,1
14880,15007,1.7814617,1
14896,15023,1.7815945,1
14912,15039,1.781465,1
14928,15055,1.7814107,1
14944,15071,1.7814069,1
14960,15087,1.7814643,1
14976,15103,1.7814074,1
14992,15119,1.7815607,1
15008,15135,1.7813711,1
15024,15151,1.7812634,1
15040,15167,1.7812753,1
15056,15183,1.7812693,1
15072,15199,1.781455,1
15088,15215,1.7814722,1
15104,15231,1.7813869,1
15120,15247,1.7816234,1
15136,15263,1.7817633,1
15152,15279,1.7819371,1
15168,15295,1.781909,1
15184,15311,1.7818294,1
15200,15327,1.7817008,1
15216,15343,1.781636,1
15232,15359,1.7815638,1
15248,15375,1.7816458,1
15264,15391,1.7817218,1
15280,15407,1.7815106,1
15296,15423,1.7815099,1
15312,15439,1.7818365,1
15328,15455,1.7817502,1
15344,15471,1.7818806,1
15360,15487,1.7820287,1
15376,15503,1.7816744,1
15392,15519,1.7814202,1
15408,15535,1.7816219,1
15424,15551,1.781656,1
15440,15567,1.78161,1
15456,15583,1.7814493,1
15472,15599,1.7815056,1
15488,15615,1.781405,1
15504,15631,1.7816813,1
15520,15647,1.7817774,1
15536,15663,1.7816849,1
15552,15679,1.7814941,1
15568,15695,1.7814348,1
15584,15711,1.7814441,1
15600,15727,1.781538,1
15616,15743,1.7816021,1
15632,15759,1.7813721,1
15648,15775,1.7812712,1
15664,15791,1.7814245,1
15680,15807,1.7816336,1
15696,15823,1.7814026,1
15712,15839,1.7812579,1
15728,15855,1.7812061,1
15744,15871,1.7811785,1
15760,15887,1.7810671,1
15776,15903,1.7811582,1
15792,15919,1.7812998,1
15808,15935,1.7813711,1
15824,15951,1.7814319,1
15840,15967,1.7815533,1
15856,15983,1.7816627,1
15872,15999,1.7819192,1
15888,16015,1.7819502,1
15904,16031,1.781915,1
15920,16047,1.7816994,1
15936,16063,1.7815356,1
15952,16079,1.7815738,1
15968,16095,1.7815055,1
15984,16111,1.7814269,1
16000,16127,1.7812061,1
16016,16143,1.7810984,1
16032,16159,1.7811484,1
16048,16175,1.7813904,1
16064,16191,1.7814322,1
16080,16207,1.7814934,1
16096,16223,1.7816622,1
16112,16239,1.7817328,1
16128,16255,1.7817059,1
16144,16271,1.7818298,1
16160,16287,1.7818038,1
16176,16303,1.78197,1
16192,16319,1.7817497,1
16208,16335,1.7818086,1
16224,16351,1.7817292,1
16240,16367,1.7816577,1
16256,16383,1.7814662,1
16272,16399,1.7815473,1
16288,16415,1.7815971,1
16304,16431,1.7814877,1
16320,16447,1.7815223,1
16336,16463,1.7816498,1
16352,16479,1.7816412,1
16368,16495,1.7818432,1
16384,16511,1.7819214,1
16400,16527,1.7819991,1
16416,16543,1.7820008,1
16432,16559,1.7816997,1
16448,16575,1.7817469,1
16464,16591,1.7814534,1
16480,16607,1.7814384,1
16496,16623,1.7813673,1
16512,16639,1.7814686,1
16528,16655,1.781445,1
16544,16671,1.7816808,1
16560,16687,1.7817965,1
16576,16703,1.7817526,1
16592,16719,1.7819383,1
16608,16735,1.782085,1
16624,16751,1.7822027,1
16640,16767,1.7821119,1
16656,16783,1.7820804,1
16672,16799,1.7820113,1
16688,16815,1.7820206,1
16704,16831,1.7820656,1
16720,16847,1.7820463,1
16736,16863,1.7819176,1
16752,16879,1.7818704,1
16768,16895,1.7818863,1
16784,16911,1.7820157,1
16800,16927,1.7818937,1
16816,16943,1.781929,1
16832,16959,1.7819738,1
16848,16975,1.7818525,1
16864,16991,1.7819653,1
16880,17007,1.781791,1
16896,17023,1.7818608,1
16912,17039,1.7816532,1
16928,17055,1.7816663,1
16944,17071,1.7816463,1
16960,17087,1.7815375,1
16976,17103,1.7816288,1
16992,17119,1.7817109,1
17008,17135,1.7817032,1
17024,17151,1.7817922,1
17040,17167,1.7818251,1
17056,17183,1.782062,1
17072,17199,1.7819607,1
17088,17215,1.7820787,1
17104,17231,1.7819345,1
17120,17247,1.7819109,1
17136,17263,1.7819295,1
17152,17279,1.781976,1
17168,17295,1.7817979,1
17184,17311,1.7818351,1
17200,17327,1.78176,1
17216,17343,1.7817106,1
17232,17359,1.7815902,1
17248,17375,1.7815294,1
17264,17391,1.7816234,1
17280,17407,1.7815723,1
17296,17423,1.7815957,1
17312,17439,1.7817287,1
17328,17455,1.7816441,1
17344,17471,1.781765,1
17360,17487,1.7818198,1
17376,17503,1.7818556,1
17392,17519,1.781914,1
17408,17535,1.7818708,1
17424,17551,1.7816112,1
17440,17567,1.7816131,1
17456,17583,1.7816575,1
17472,17599,1.7816746,1
17488,17615,1.7816603,1
17504,17631,1.7817101,1
17520,17647,1.7815816,1
17536,17663,1.7818952,1
17552,17679,1.781898,1
17568,17695,1.7818241,1
17584,17711,1.7818742,1
17600,17727,1.7816594,1
17616,17743,1.7816067,1
17632,17759,1.7816167,1
17648,17775,1.781806,1
17664,17791,1.7815742,1
17680,17807,1.781718,1
17696,17823,1.7816594,1
17712,17839,1.7816935,1
17728,17855,1.7818587,1
17744,17871,1.7817683,1
17760,17887,1.7816534,1
17776,17903,1.7815747,1
17792,17919,1.7816329,1
17808,17935,1.7816215,1
17824,17951,1.7817807,1
17840,17967,1.7816765,1
17856,17983,1.7816718,1
17872,17999,1.7815759,1
17888,18015,1.7815084,1
17904,18031,1.7815623,1
17920,18047,1.7814553,1
17936,18063,1.7816691,1
17952,18079,1.7814944,1
17968,18095,1.7817066,1
17984,18111,1.7818358,1
18000,18127,1.7821248,1
18016,18143,1.7820816,1
18032,18159,1.7822161,1
18048,18175,1.7821817,1
18064,18191,1.78198,1
18080,18207,1.7821612,1
18096,18223,1.7819033,1
18112,18239,1.7817965,1
18128,18255,1.7816818,1
18144,18271,1.7816379,1
18160,18287,1.7817492,1
18176,18303,1.7816844,1
18192,18319,1.781826,1
18208,18335,1.7817972,1
18224,18351,1.7821076,1
18240,18367,1.782222,1
18256,18383,1.7820985,1
18272,18399,1.7822018,1
18288,18415,1.7823155,1
18304,18431,1.7822716,1
18320,18447,1.7822893,1
18336,18463,1.7823343,1
18352,18479,1.7820718,1
18368,18495,1.7822211,1
18384,18511,1.7821093,1
18400,18527,1.7819862,1
18416,18543,1.7819717,1
18432,18559,1.781863,1
18448,18575,1.7816517,1
18464,18591,1.781703,1
18480,18607,1.7817369,1
18496,18623,1.7817206,1
18512,18639,1.7818053,1
18528,18655,1.7819817,1
18544,18671,1.781961,1
18560,18687,1.78195,1
18576,18703,1.7820897,1
18592,18719,1.7820973,1
18608,18735,1.7820611,1
18624,18751,1.7819481,1
18640,18767,1.7819247,1
18656,18783,1.7818913,1
18672,18799,1.7818618,1
18688,18815,1.7817922,1
18704,18831,1.781637,1
18720,18847,1.7817249,1
18736,18863,1.7817032,1
18752,18879,1.7815747,1
18768,18895,1.7816029,1
18784,18911,1.7817118,1
18800,18927,1.7816594,1
18816,18943,1.7816823,1
18832,18959,1.7815616,1
18848,18975,1.7815189,1
18864,18991,1.7817163,1
18880,19007,1.7816117,1
18896,19023,1.7816143,1
18912,19039,1.7815633,1
18928,19055,1.7815251,1
18944,19071,1.7816081,1
18960,19087,1.781749,1
18976,19103,1.7818284,1
18992,19119,1.7820115,1
19008,19135,1.7820721,1
19024,19151,1.782125,1
19040,19167,1.7820511,1
19056,19183,1.7821507,1
19072,19199,1.7823284,1
19088,19215,1.7822001,1
19104,19231,1.7821777,1
19120,19247,1.7821395,1
19136,19263,1.7821202,1
19152,19279,1.7820954,1
19168,19295,1.7820587,1
19184,19311,1.7819722,1
19200,19327,1.7818546,1
19216,19343,1.7817655,1
19232,19359,1.7817333,1
19248,19375,1.7816033,1
19264,19391,1.7815843,1
19280,19407,1.7815897,1
19296,19423,1.7818453,1
19312,19439,1.781704,1
19328,19455,1.7817168,1
19344,19471,1.7818716,1
19360,19487,1.7816837,1
19376,19503,1.781836,1
19392,19519,1.7816768,1
19408,19535,1.7816985,1
19424,19551,1.7816911,1
19440,19567,1.7818043,1
19456,19583,1.78191,1
19472,19599,1.7818189,1
19488,19615,1.7819295,1
19504,19631,1.7820432,1
19520,19647,1.7819915,1
19536,19663,1.7818289,1
19552,19679,1.781826,1
19568,19695,1.7816784,1
19584,19711,1.7816753,1
19600,19727,1.7816284,1
19616,19743,1.781503,1
19632,19759,1.7814925,1
19648,19775,1.7816372,1
19664,19791,1.7817097,1
19680,19807,1.7817931,1
19696,19823,1.782002,1
19712,19839,1.7821133,1
19728,19855,1.7821374,1
19744,19871,1.7822387,1
19760,19887,1.7822733,1
19776,19903,1.7822099,1
19792,19919,1.7821255,1
19808,19935,1.7819567,1
19824,19951,1.7818878,1
19840,19967,1.7818532,1
19856,19983,1.7818484,1
19872,19999,1.7816887,1
19888,20015,1.7818556,1
19904,20031,1.7818816,1
19920,20047,1.782032,1
19936,20063,1.7821434,1
19952,20079,1.7820554,1
19968,20095,1.7820923,1
19984,20111,1.7821283,1
20000,20127,1.7822933,1
20016,20143,1.7820966,1
20032,20159,1.7819958,1
20048,20175,1.7819319,1
20064,20191,1.7817339,1
20080,20207,1.7817888,1
20096,20223,1.7818611,1
20112,20239,1.7818694,1
20128,20255,1.7820077,1
20144,20271,1.7818401,1
20160,20287,1.7818918,1
20176,20303,1.7819974,1
20192,20319,1.7822404,1
20208,20335,1.782023,1
20224,20351,1.7819788,1
20240,20367,1.7819362,1
20256,20383,1.7819405,1
20272,20399,1.782088,1
20288,20415,1.7818956,1
20304,20431,1.7818108,1
20320,20447,1.7817094,1
20336,20463,1.7818213,1
20352,20479,1.781817,1
20368,20495,1.7819247,1
20384,20511,1.7819085,1
20400,20527,1.781956,1
20416,20543,1.781949,1
20432,20559,1.7820411,1
20448,20575,1.7818639,1
20464,20591,1.7818737,1
20480,20607,1.7818174,1
20496,20623,1.7816992,1
20512,20639,1.7816501,1
20528,20655,1.7815776,1
20544,20671,1.7816017,1
20560,20687,1.7814989,1
20576,20703,1.7817898,1
20592,20719,1.7816913,1
20608,20735,1.7816293,1
20624,20751,1.7817023,1
20640,20767,1.7818577,1
20656,20783,1.7816775,1
20672,20799,1.781918,1
20688,20815,1.7819722,1
20704,20831,1.7819798,1
20720,20847,1.7819755,1
20736,20863,1.7820292,1
20752,20879,1.781982,1
20768,20895,1.7820783,1
20784,20911,1.782198,1
20800,20927,1.7821319,1
20816,20943,1.7821953,1
20832,20959,1.7822673,1
20848,20975,1.7824764,1
20864,20991,1.7824135,1
20880,21007,1.7824787,1
20896,21023,1.7823334,1
20912,21039,1.7822347,1
20928,21055,1.7822294,1
20944,21071,1.7821684,1
20960,21087,1.7821081,1
20976,21103,1.7820992,1
20992,21119,1.7820868,1
21008,21135,1.782094,1
21024,21151,1.7820673,1
21040,21167,1.7820907,1
21056,21183,1.7818768,1
21072,21199,1.781748,1
21088,21215,1.7817264,1
21104,21231,1.7817075,1
21120,21247,1.7815394,1
21136,21263,1.7815497,1
21152,21279,1.7816143,1
21168,21295,1.7818463,1
21184,21311,1.7818675,1
21200,21327,1.7819884,1
21216,21343,1.7818873,1
21232,21359,1.7819605,1
21248,21375,1.7819555,1
21264,21391,1.7820852,1
21280,21407,1.7820027,1
21296,21423,1.7819948,1
21312,21439,1.7820253,1
21328,21455,1.782201,1
21344,21471,1.7820921,1
21360,21487,1.7820168,1
21376,21503,1.7820191,1
21392,21519,1.7820044,1
21408,21535,1.7820702,1
21424,21551,1.7820354,1
21440,21567,1.7819338,1
21456,21583,1.7818589,1
21472,21599,1.7817931,1
21488,21615,1.7819777,1
21504,21631,1.7819643,1
21520,21647,1.781966,1
21536,21663,1.7820439,1
21552,21679,1.7820907,1
21568,21695,1.7820508,1
21584,21711,1.7821016,1
21600,21727,1.7820153,1
21616,21743,1.781837,1
21632,21759,1.7818122,1
21648,21775,1.7817583,1
21664,21791,1.781642,1
21680,21807,1.7816057,1
21696,21823,1.7815733,1
21712,21839,1.7814727,1
21728,21855,1.7814741,1
21744,21871,1.7815504,1
21760,21887,1.7815466,1
21776,21903,1.7816982,1
21792,21919,1.7818108,1
21808,21935,1.78197,1
21824,21951,1.7820702,1
21840,21967,1.7822113,1
21856,21983,1.7822399,1
21872,21999,1.7821097,1
21888,22015,1.7819812,1
21904,22031,1.7818065,1
21920,22047,1.7817292,1
21936,22063,1.7816279,1
21952,22079,1.7815356,1
21968,22095,1.7815871,1
21984,22111,1.7817044,1
22000,22127,1.781688,1
22016,22143,1.7817235,1
22032,22159,1.7817297,1
22048,22175,1.7816799,1
22064,22191,1.7819154,1
22080,22207,1.7818007,1
22096,22223,1.781806,1
22112,22239,1.7816544,1
22128,22255,1.78197,1
22144,22271,1.782001,1
22160,22287,1.782095,1
22176,22303,1.7821457,1
22192,22319,1.7822664,1
22208,22335,1.7822511,1
22224,22351,1.7824068,1
22240,22367,1.782496,1
22256,22383,1.7823548,1
22272,22399,1.7820964,1
22288,22415,1.7818973,1
22304,22431,1.7818561,1
22320,22447,1.7816169,1
22336,22463,1.7815926,1
22352,22479,1.7814903,1
22368,22495,1.7813561,1
22384,22511,1.7814093,1
22400,22527,1.7815709,1
22416,22543,1.7816019,1
22432,22559,1.7817395,1
22448,22575,1.7818177,1
22464,22591,1.7819524,1
22480,22607,1.7820778,1
22496,22623,1.7822356,1
22512,22639,1.7822838,1
22528,22655,1.782269,1
22544,22671,1.7823269,1
22560,22687,1.7824354,1
22576,22703,1.782417,1
22592,22719,1.7824109,1
22608,22735,1.7823167,1
22624,22751,1.7822454,1
22640,22767,1.7822962,1
22656,22783,1.7823935,1
22672,22799,1.7823806,1
22688,22815,1.7823641,1
22704,22831,1.7822344,1
22720,22847,1.7822478,1
22736,22863,1.7820961,1
22752,22879,1.7819529,1
22768,22895,1.7819176,1
22784,22911,1.7817793,1
22800,22927,1.7817714,1
22816,22943,1.7818725,1
22832,22959,1.7818861,1
22848,22975,1.7819016,1
22864,22991,1.7820702,1
22880,23007,1.7821217,1
22896,23023,1.7822492,1
22912,23039,1.782351,1
22928,23055,1.7823186,1
22944,23071,1.7822151,1
22960,23087,1.7821777,1
22976,23103,1.78211,1
22992,23119,1.7822173,1
23008,23135,1.7822855,1
23024,23151,1.7822118,1
23040,23167,1.7821345,1
23056,23183,1.780992,1
23072,23199,0.021036267,0
23088,23215,0.007059574,0
23104,23231,0.0039303303,0
23120,23247,0.0035604239,0
23136,23263,0.0034182072,0
23152,23279,0.0033284426,0
23168,23295,0.0032732487,0
23184,23311,0.0031821728,0
23200,23327,0.003184557,0
23216,23343,0.0031203032,0
23232,23359,0.0031106472,0
23248,23375,0.0031135082,0
23264,23391,0.0031143427,0
23280,23407,0.0031142235,0
23296,23423,0.003114581,0
23312,23439,0.0031147003,0
23328,23455,0.0031152964,0
23344,23471,0.0031154156,0
23360,23487,0.0031149387,0
23376,23503,0.0031161308,0
23392,23519,0.0031160116,0
23408,23535,0.0031170845,0
23424,23551,0.003118515,0
23440,23567,0.003119707,0
23456,23583,0.0031212568,0
23472,23599,0.0031216145,0
23488,23615,0.0031228065,0
23504,23631,0.0031232834,0
23520,23647,0.0031229258,0
23536,23663,0.003123641,0
23552,23679,0.0031232834,0
23568,23695,0.0031241179,0
23584,23711,0.0031244755,0
23600,23727,0.0031244755,0
23616,23743,0.003124714,0
23632,23759,0.0031244755,0
23648,23775,0.0031251907,0
23664,23791,0.003124833,0
23680,23807,0.0031244755,0
23696,23823,0.0031249523,0
23712,23839,0.003124714,0
23728,23855,0.0031244755,0
23744,23871,0.0031237602,0
23760,23887,0.0031239986,0
23776,23903,0.0031243563,0
23792,23919,0.0031241179,0
23808,23935,0.003124237,0
23824,23951,0.0031237602,0
23840,23967,0.0031238794,0
23856,23983,0.003124833,0
23872,23999,0.0037136078,0
23888,24015,0.097062826,0
23904,24031,0.30361664,0
23920,24047,0.24641252,0
23936,24063,0.19612503,0
23952,24079,0.16377354,0
23968,24095,0.13841844,0
23984,24111,0.15266323,0
24000,24127,0.05495882,0
24016,24143,0.0031175613,0
24032,24159,0.0031107664,0
24048,24175,0.00311172,0
24064,24191,0.0031123161,0
24080,24207,0.0031125546,0
24096,24223,0.003112793,0
24112,24239,0.0031132698,0
24128,24255,0.0031135082,0
24144,24271,0.0031132698,0
24160,24287,0.0031136274,0
24176,24303,0.003113389,0
24192,24319,0.003113985,0
24208,24335,0.0031130314,0
24224,24351,0.0031130314,0
24240,24367,0.0031132698,0
24256,24383,0.0031137466,0
24272,24399,0.0031137466,0
24288,24415,0.0031138659,0
24304,24431,0.003114462,0
24320,24447,0.0031151772,0
24336,24463,0.003114462,0
24352,24479,0.0031149387,0
24368,24495,0.003114462,0
24384,24511,0.0031149387,0
24400,24527,0.003114462,0
24416,24543,0.0031149387,0
24432,24559,0.003114581,0
24448,24575,0.003114462,0
24464,24591,0.0031147003,0
24480,24607,0.0031148195,0
24496,24623,0.0031149387,0
24512,24639,0.003114462,0
24528,24655,0.0031149387,0
24544,24671,0.003114581,0
24560,24687,0.003115058,0
24576,24703,0.003115058,0
24592,24719,0.0031151772,0
24608,24735,0.0031148195,0
24624,24751,0.0031149387,0
24640,24767,0.0031155348,0
24656,24783,0.0031151772,0
24672,24799,0.003114462,0
24688,24815,0.0031147003,0
24704,24831,0.0031148195,0
24720,24847,0.0031149387,0
24736,24863,0.0031147003,0
24752,24879,0.003115058,0
24768,24895,0.0031149387,0
24784,24911,0.0031147003,0
24800,24927,0.0031151772,0
24816,24943,0.003114581,0
24832,24959,0.003115058,0
24848,24975,0.0031147003,0
24864,24991,0.0031149387,0
24880,25007,0.003115058,0
24896,25023,0.0031149387,0
24912,25039,0.0031154156,0
24928,25055,0.0031151772,0
24944,25071,0.0031149387,0
24960,25087,0.003114462,0
24976,25103,0.003115058,0
24992,25119,0.0031152964,0
25008,25135,0.0031147003,0
25024,25151,0.0031147003,0
25040,25167,0.0031155348,0
25056,25183,0.0031158924,0
25072,25199,0.0031154156,0
25088,25215,0.0031154156,0
25104,25231,0.0031155348,0
25120,25247,0.0031155348,0
25136,25263,0.0031161308,0
25152,25279,0.0031154156,0
25168,25295,0.0031151772,0
25184,25311,0.0031149387,0
25200,25327,0.0031148195,0
25216,25343,0.0031149387,0
25232,25359,0.0031147003,0
25248,25375,0.0031149387,0
25264,25391,0.0031151772,0
25280,25407,0.0031152964,0
25296,25423,0.0031157732,0
25312,25439,0.0031151772,0
25328,25455,0.0031154156,0
25344,25471,0.003115654,0
25360,25487,0.003115654,0
25376,25503,0.0031151772,0
25392,25519,0.003115654,0
25408,25535,0.0031157732,0
25424,25551,0.0031151772,0
25440,25567,0.0031154156,0
25456,25583,0.0031154156,0
25472,25599,0.0031154156,0
25488,25615,0.0031151772,0
25504,25631,0.0031152964,0
25520,25647,0.0031161308,0
25536,25663,0.0031163692,0
25552,25679,0.0031160116,0
25568,25695,0.0031158924,0
25584,25711,0.003115654,0
25600,25727,0.0031158924,0
25616,25743,0.0031149387,0
25632,25759,0.003115654,0
25648,25775,0.0031148195,0
25664,25791,0.0031152964,0
25680,25807,0.0031161308,0
25696,25823,0.0031151772,0
25712,25839,0.0031151772,0
25728,25855,0.0031163692,0
25744,25871,0.0031157732,0
25760,25887,0.0031166077,0
25776,25903,0.0031161308,0
25792,25919,0.0031164885,0
25808,25935,0.0031161308,0
25824,25951,0.0031161308,0
25840,25967,0.003115654,0
25856,25983,0.003115654,0
25872,25999,0.0031158924,0
25888,26015,0.003115058,0
25904,26031,0.0031158924,0
25920,26047,0.003115654,0
25936,26063,0.003115654,0
25952,26079,0.0031152964,0
25968,26095,0.0031163692,0
25984,26111,0.0031166077,0
26000,26127,0.0031157732,0
26016,26143,0.00311625,0
26032,26159,0.0031160116,0
26048,26175,0.00311625,0
26064,26191,0.0031161308,0
26080,26207,0.003116846,0
26096,26223,0.0031164885,0
26112,26239,0.0031166077,0
26128,26255,0.0031160116,0
26144,26271,0.0031158924,0
26160,26287,0.0031163692,0
26176,26303,0.0031158924,0
26192,26319,0.0031158924,0
26208,26335,0.0031161308,0
26224,26351,0.0031164885,0
26240,26367,0.0031163692,0
26256,26383,0.0031160116,0
26272,26399,0.0031163692,0
26288,26415,0.0031160116,0
26304,26431,0.0031160116,0
26320,26447,0.0031160116,0
26336,26463,0.0031158924,0
26352,26479,0.0031164885,0
26368,26495,0.0031169653,0
26384,26511,0.0031166077,0
26400,26527,0.0031163692,0
26416,26543,0.003116846,0
26432,26559,0.003116846,0
26448,26575,0.0031163692,0
26464,26591,0.0031163692,0
26480,26607,0.003116846,0
26496,26623,0.0031163692,0
26512,26639,0.0031161308,0
26528,26655,0.0031166077,0
26544,26671,0.0031166077,0
26560,26687,0.0031160116,0
26576,26703,0.0031167269,0
26592,26719,0.0031167269,0
26608,26735,0.003116846,0
26624,26751,0.0031166077,0
26640,26767,0.0031163692,0
26656,26783,0.0031166077,0
26672,26799,0.0031163692,0
26688,26815,0.0031166077,0
26704,26831,0.00311625,0
26720,26847,0.003116846,0
26736,26863,0.0031164885,0
26752,26879,0.003116846,0
26768,26895,0.0031170845,0
26784,26911,0.0031166077,0
26800,26927,0.003116846,0
26816,26943,0.003116846,0
26832,26959,0.003117323,0
26848,26975,0.003117323,0
26864,26991,0.0031170845,0
26880,27007,0.0031169653,0
26896,27023,0.003116846,0
26912,27039,0.0031170845,0
26928,27055,0.0031166077,0
26944,27071,0.0031163692,0
26960,27087,0.0031172037,0
26976,27103,0.0031175613,0
26992,27119,0.0031170845,0
27008,27135,0.0031164885,0
27024,27151,0.0031167269,0
27040,27167,0.0031175613,0
27056,27183,0.0031169653,0
27072,27199,0.003116846,0
27088,27215,0.0031170845,0
27104,27231,0.0031172037,0
27120,27247,0.0031172037,0
27136,27263,0.003116846,0
27152,27279,0.0031172037,0
27168,27295,0.003116846,0
27184,27311,0.003116846,0
27200,27327,0.0031158924,0
27216,27343,0.0031161308,0
27232,27359,0.0031160116,0
27248,27375,0.0031169653,0
27264,27391,0.0031166077,0
27280,27407,0.0031177998,0
27296,27423,0.0031172037,0
27312,27439,0.0031175613,0
27328,27455,0.0031170845,0
27344,27471,0.0031175613,0
27360,27487,0.003117323,0
27376,27503,0.003116846,0
27392,27519,0.003117323,0
27408,27535,0.0031174421,0
27424,27551,0.0031175613,0
27440,27567,0.0031172037,0
27456,27583,0.0031164885,0
27472,27599,0.0031175613,0
27488,27615,0.0031170845,0
27504,27631,0.0031167269,0
27520,27647,0.0031167269,0
27536,27663,0.0031164885,0
27552,27679,0.0031172037,0
27568,27695,0.003116846,0
27584,27711,0.0031176805,0
27600,27727,0.003117323,0
27616,27743,0.0031177998,0
27632,27759,0.003116846,0
27648,27775,0.0031175613,0
27664,27791,0.0031170845,0
27680,27807,0.0031163692,0
27696,27823,0.0031174421,0
27712,27839,0.003117323,0
27728,27855,0.0031176805,0
27744,27871,0.0031170845,0
27760,27887,0.0031177998,0
27776,27903,0.0031172037,0
27792,27919,0.0031170845,0
27808,27935,0.0031177998,0
27824,27951,0.0031175613,0
27840,27967,0.0031175613,0
27856,27983,0.0031174421,0
27872,27999,0.003116846,0
27888,28015,0.0031177998,0
27904,28031,0.0031177998,0
27920,28047,0.0031181574,0
27936,28063,0.0031182766,0
27952,28079,0.0031181574,0
27968,28095,0.003118515,0
27984,28111,0.0031182766,0
28000,28127,0.003117919,0
28016,28143,0.0031177998,0
28032,28159,0.0031169653,0
28048,28175,0.003117323,0
28064,28191,0.003116846,0
28080,28207,0.0031166077,0
28096,28223,0.003116846,0
28112,28239,0.0031177998,0
28128,28255,0.0031175613,0
28144,28271,0.0031175613,0
28160,28287,0.0031180382,0
28176,28303,0.0031177998,0
28192,28319,0.0031180382,0
28208,28335,0.003117919,0
28224,28351,0.0031180382,0
28240,28367,0.0031176805,0
28256,28383,0.0031172037,0
28272,28399,0.003117323,0
28288,28415,0.003117323,0
28304,28431,0.0031170845,0
28320,28447,0.003117919,0
28336,28463,0.0031177998,0
28352,28479,0.0031177998,0
28368,28495,0.003117919,0
28384,28511,0.0031176805,0
28400,28527,0.0031183958,0
28416,28543,0.0031177998,0
28432,28559,0.003118515,0
28448,28575,0.0031177998,0
28464,28591,0.003117919,0
28480,28607,0.0031182766,0
28496,28623,0.0031181574,0
28512,28639,0.0031181574,0
28528,28655,0.0031176805,0
28544,28671,0.0031187534,0
28560,28687,0.0031187534,0
28576,28703,0.0031188726,0
28592,28719,0.0031186342,0
28608,28735,0.0031189919,0
28624,28751,0.0031189919,0
28640,28767,0.0031189919,0
28656,28783,0.003119111,0
28672,28799,0.0031192303,0
28688,28815,0.0031189919,0
28704,28831,0.0031188726,0
28720,28847,0.0031187534,0
28736,28863,0.0031189919,0
28752,28879,0.0031187534,0
28768,28895,0.0031193495,0
28784,28911,0.0031181574,0
28800,28927,0.0031180382,0
28816,28943,0.0031182766,0
28832,28959,0.0031181574,0
28848,28975,0.0031187534,0
28864,28991,0.0031187534,0
28880,29007,0.0031186342,0
28896,29023,0.0031192303,0
28912,29039,0.003119707,0
28928,29055,0.0031194687,0
28944,29071,0.0031189919,0
28960,29087,0.0031188726,0
28976,29103,0.0031189919,0
28992,29119,0.003118515,0
29008,29135,0.0031187534,0
29024,29151,0.0031194687,0
29040,29167,0.003119111,0
29056,29183,0.0031189919,0
29072,29199,0.0031189919,0
29088,29215,0.003119707,0
29104,29231,0.0031187534,0
29120,29247,0.0031189919,0
29136,29263,0.0031188726,0
29152,29279,0.0031187534,0
29168,29295,0.0031187534,0
29184,29311,0.0031192303,0
29200,29327,0.003119707,0
29216,29343,0.0031194687,0
29232,29359,0.003120184,0
29248,29375,0.003119588,0
29264,29391,0.0031192303,0
29280,29407,0.0031192303,0
29296,29423,0.003118515,0
29312,29439,0.0031189919,0
29328,29455,0.0031193495,0
29344,29471,0.0031189919,0
29360,29487,0.0031187534,0
29376,29503,0.0031194687,0
29392,29519,0.003119588,0
29408,29535,0.0031187534,0
29424,29551,0.003119707,0
29440,29567,0.0031194687,0
29456,29583,0.0031198263,0
29472,29599,0.003119707,0
29488,29615,0.0031194687,0
29504,29631,0.003119588,0
29520,29647,0.003119707,0
29536,29663,0.0031198263,0
29552,29679,0.0031193495,0
29568,29695,0.003119707,0
29584,29711,0.0031198263,0
29600,29727,0.003120184,0
29616,29743,0.003120184,0
29632,29759,0.003120184,0
29648,29775,0.0031204224,0
29664,29791,0.0031208992,0
29680,29807,0.0031199455,0
29696,29823,0.0031204224,0
29712,29839,0.0031206608,0
29728,29855,0.0031199455,0
29744,29871,0.0031204224,0
29760,29887,0.003119588,0
29776,29903,0.003119707,0
29792,29919,0.0031194687,0
29808,29935,0.0031194687,0
29824,29951,0.0031194687,0
29840,29967,0.003119707,0
29856,29983,0.0031200647,0
29872,29999,0.0031200647,0
